Date,Close
2008.01.15,4.07
2008.01.16,4.04
2008.01.17,3.88
2008.01.18,3.95
2008.01.21,3.95
2008.01.22,3.99
2008.01.23,4
2008.01.24,4.14
2008.01.25,4.28
2008.01.28,4.47
2008.01.29,4.79
2008.01.30,4.46
2008.01.31,4.2
2008.02.01,4.09
2008.02.04,4.27
2008.02.05,4.3
2008.02.06,4.4
2008.02.07,4.36
2008.02.08,4.51
2008.02.12,4.43
2008.02.13,4.39
2008.02.14,4.53
2008.02.15,4.42
2008.02.18,4.53
2008.02.19,4.46
2008.02.20,4.16
2008.02.21,4.38
2008.02.22,4.17
2008.02.25,4.36
2008.02.26,4.17
2008.02.27,4.14
2008.02.28,4.23
2008.02.29,4.48
2008.03.03,4.59
2008.03.04,4.45
2008.03.05,4.62
2008.03.06,4.75
2008.03.07,4.85
2008.03.10,4.48
2008.03.11,4.8
2008.03.12,4.44
2008.03.13,4.82
2008.03.14,4.7
2008.03.17,5.7
2008.03.18,6.1
2008.03.19,6.29
2008.03.21,6.31
2008.03.24,5.27
2008.03.25,5.06
2008.03.26,5.02
2008.03.27,4.86
2008.03.28,4.58
2008.03.31,4.75
2008.04.01,4.77
2008.04.02,4.86
2008.04.03,4.84
2008.04.04,4.85
2008.04.07,4.48
2008.04.08,4.66
2008.04.09,4.59
2008.04.10,4.78
2008.04.11,4.73
2008.04.14,4.99
2008.04.15,5.04
2008.04.16,4.85
2008.04.17,4.92
2008.04.18,5.08
2008.04.21,5.02
2008.04.22,5.33
2008.04.23,4.75
2008.04.24,4.93
2008.04.25,5.83
2008.04.28,5.39
2008.04.30,5.27
2008.05.01,5.49
2008.05.02,6.13
2008.05.07,5.86
2008.05.08,5.62
2008.05.09,5.66
2008.05.12,5.8
2008.05.13,5.92
2008.05.14,6.76
2008.05.15,6.53
2008.05.16,6.91
2008.05.19,6.9
2008.05.20,6.9
2008.05.21,6.33
2008.05.22,6.49
2008.05.23,6.49
2008.05.26,6.6
2008.05.27,6.72
2008.05.28,6.8
2008.05.29,6.69
2008.05.30,6.92
2008.06.02,7.18
2008.06.03,6.7
2008.06.04,6.5
2008.06.05,6.42
2008.06.06,6.65
2008.06.09,6.98
2008.06.10,7.7
2008.06.11,7.52
2008.06.12,7.3
2008.06.13,7.52
2008.06.16,7.66
2008.06.17,7.42
2008.06.18,6.97
2008.06.19,6.55
2008.06.20,6.47
2008.06.23,6.65
2008.06.24,6.16
2008.06.25,6.08
2008.06.26,5.61
2008.06.27,5.63
2008.06.30,5.57
2008.07.01,5.55
2008.07.02,6.18
2008.07.03,5.58
2008.07.04,5.48
2008.07.07,5.71
2008.07.08,5.92
2008.07.09,5.77
2008.07.10,5.71
2008.07.11,5.79
2008.07.14,5.75
2008.07.15,5.72
2008.07.16,5.43
2008.07.17,5.14
2008.07.18,4.84
2008.07.22,6.18
2008.07.23,6.29
2008.07.24,6.14
2008.07.25,5.51
2008.07.28,5.6
2008.07.29,5.63
2008.07.30,5.46
2008.07.31,5.13
2008.08.01,4.83
2008.08.04,4.97
2008.08.05,4.84
2008.08.06,4.83
2008.08.07,4.75
2008.08.08,4.87
2008.08.11,5.29
2008.08.12,5.11
2008.08.13,5.13
2008.08.14,5.03
2008.08.15,5.09
2008.08.18,5.36
2008.08.19,5.19
2008.08.20,5.06
2008.08.21,5.17
2008.08.22,5
2008.08.25,6.27
2008.08.26,4.98
2008.08.27,5.2
2008.08.28,5.34
2008.08.29,5.25
2008.09.01,4.94
2008.09.02,4.75
2008.09.03,4.73
2008.09.04,5.42
2008.09.05,5.75
2008.09.08,5.7
2008.09.09,5.57
2008.09.10,5.68
2008.09.11,5.5
2008.09.12,5.59
2008.09.16,8.32
2008.09.17,7.41
2008.09.18,8.33
2008.09.19,7.41
2008.09.22,7.94
2008.09.24,7.84
2008.09.25,8.41
2008.09.26,7.94
2008.09.29,8.5
2008.09.30,7.11
2008.10.01,7.53
2008.10.02,7.4
2008.10.03,7.35
2008.10.06,7.25
2008.10.07,7.49
2008.10.08,8.52
2008.10.09,8.61
2008.10.10,9.46
2008.10.14,10.31
2008.10.15,10.37
2008.10.16,10.11
2008.10.17,8.89
2008.10.20,9.3
2008.10.21,8.07
2008.10.22,8.37
2008.10.23,7.75
2008.10.24,8.48
2008.10.27,10.09
2008.10.28,10.03
2008.10.29,8.19
2008.10.30,8.29
2008.10.31,8.1
2008.11.04,7.5
2008.11.05,6.78
2008.11.06,6.65
2008.11.07,6.67
2008.11.10,6.42
2008.11.11,6.75
2008.11.12,6.76
2008.11.13,7.1
2008.11.14,7.06
2008.11.17,7.45
2008.11.18,7.24
2008.11.19,7.09
2008.11.20,7.85
2008.11.21,6.85
2008.11.25,8.62
2008.11.26,9.33
2008.11.27,9.33
2008.11.28,9.39
2008.12.01,5.23
2008.12.02,5.28
2008.12.03,5.74
2008.12.04,5.42
2008.12.05,5.78
2008.12.08,5.97
2008.12.09,5.89
2008.12.10,6.32
2008.12.11,6.36
2008.12.12,5.77
2008.12.15,5.52
2008.12.16,5.79
2008.12.17,5.95
2008.12.18,6.23
2008.12.19,6.24
2008.12.22,5.73
2008.12.24,5.43
2008.12.25,4.94
2008.12.26,4.18
2008.12.30,4.98
2009.01.05,5.21
2009.01.06,5.02
2009.01.07,4.92
2009.01.08,5.17
2009.01.09,4.93
2009.01.13,5.48
2009.01.14,5.2
2009.01.15,5.45
2009.01.16,5.53
2009.01.19,5.87
2009.01.20,5.96
2009.01.21,5.82
2009.01.22,6.12
2009.01.23,5.73
2009.01.26,5.96
2009.01.27,5.77
2009.01.28,5.53
2009.01.29,5.55
2009.01.30,5.37
2009.02.02,5.17
2009.02.03,4.88
2009.02.04,4.88
2009.02.05,4.83
2009.02.06,5.05
2009.02.09,5.11
2009.02.10,4.91
2009.02.12,4.95
2009.02.13,5.09
2009.02.16,5.22
2009.02.17,5.51
2009.02.18,5.8
2009.02.19,5.32
2009.02.20,4.75
2009.02.23,5.37
2009.02.24,5.91
2009.02.25,6.08
2009.02.26,4.94
2009.02.27,4.57
2009.03.02,4.69
2009.03.03,4.73
2009.03.04,4.8
2009.03.05,4.78
2009.03.06,4.62
2009.03.09,4.54
2009.03.10,4.39
2009.03.11,4.42
2009.03.12,4.22
2009.03.13,4.45
2009.03.16,4.66
2009.03.17,4.67
2009.03.18,4.78
2009.03.19,4.92
2009.03.23,5.48
2009.03.24,5.59
2009.03.25,5.44
2009.03.26,5.35
2009.03.27,5.41
2009.03.30,4.79
2009.03.31,4.46
2009.04.01,4.35
2009.04.02,4.59
2009.04.03,4.65
2009.04.06,4.76
2009.04.07,4.66
2009.04.08,4.61
2009.04.09,4.94
2009.04.10,4.62
2009.04.13,4.69
2009.04.14,4.6
2009.04.15,4.55
2009.04.16,4.49
2009.04.17,4.43
2009.04.20,4.53
2009.04.21,4.25
2009.04.22,4.31
2009.04.23,4.34
2009.04.24,4.25
2009.04.27,4.51
2009.04.28,3.84
2009.04.30,3.99
2009.05.01,3.64
2009.05.07,4.09
2009.05.08,4.08
2009.05.11,4.33
2009.05.12,4
2009.05.13,4.11
2009.05.14,4.05
2009.05.15,3.89
2009.05.18,4.35
2009.05.19,4.21
2009.05.20,4.44
2009.05.21,4.46
2009.05.22,4.31
2009.05.25,4.36
2009.05.26,3.68
2009.05.27,3.84
2009.05.28,4.17
2009.05.29,4.25
2009.06.01,4.09
2009.06.02,4.08
2009.06.03,4.23
2009.06.04,3.93
2009.06.05,3.9
2009.06.08,4.08
2009.06.09,3.89
2009.06.10,3.91
2009.06.11,3.94
2009.06.12,3.96
2009.06.15,4.35
2009.06.16,4.79
2009.06.17,4.81
2009.06.18,4.54
2009.06.19,4.65
2009.06.22,4.76
2009.06.23,4.68
2009.06.24,5.12
2009.06.25,4.75
2009.06.26,4.84
2009.06.29,3.94
2009.06.30,4.1
2009.07.01,3.97
2009.07.02,3.93
2009.07.03,3.93
2009.07.06,4.03
2009.07.07,4.1
2009.07.08,4.34
2009.07.09,4.3
2009.07.10,4.2
2009.07.13,4.29
2009.07.14,4.3
2009.07.15,4.34
2009.07.16,4.34
2009.07.17,4.16
2009.07.21,4.94
2009.07.22,4.76
2009.07.23,4.4
2009.07.24,4.43
2009.07.27,5.27
2009.07.28,4.01
2009.07.29,3.8
2009.07.30,3.79
2009.07.31,3.97
2009.08.03,3.89
2009.08.04,3.82
2009.08.05,3.76
2009.08.06,3.81
2009.08.07,3.83
2009.08.10,4.27
2009.08.11,4.11
2009.08.12,4.33
2009.08.13,4.4
2009.08.14,4.47
2009.08.17,4.55
2009.08.18,4.88
2009.08.19,4.96
2009.08.20,5.04
2009.08.21,4.7
2009.08.24,5.05
2009.08.25,5.05
2009.08.26,4.86
2009.08.27,4.43
2009.08.28,3.99
2009.08.31,4.15
2009.09.01,3.87
2009.09.02,3.9
2009.09.03,3.99
2009.09.04,3.94
2009.09.07,4.05
2009.09.08,4.05
2009.09.09,4.11
2009.09.10,4.12
2009.09.11,4.06
2009.09.14,4.18
2009.09.15,4.23
2009.09.16,4.04
2009.09.17,4.17
2009.09.18,3.97
2009.09.24,3.96
2009.09.25,3.96
2009.09.28,3.75
2009.09.29,3.8
2009.09.30,3.83
2009.10.01,3.64
2009.10.02,3.68
2009.10.05,3.44
2009.10.06,3.29
2009.10.07,3.16
2009.10.08,3.18
2009.10.09,3.06
2009.10.13,3.24
2009.10.14,3.26
2009.10.15,3.24
2009.10.16,3.34
2009.10.19,3.48
2009.10.20,3.62
2009.10.21,3.64
2009.10.22,3.82
2009.10.23,3.8
2009.10.26,3.9
2009.10.27,4.06
2009.10.28,4.24
2009.10.29,3.92
2009.10.30,3.63
2009.11.02,3.63
2009.11.04,3.8
2009.11.05,3.8
2009.11.06,3.72
2009.11.09,3.82
2009.11.10,3.83
2009.11.11,3.75
2009.11.12,3.75
2009.11.13,3.81
2009.11.16,3.96
2009.11.17,3.87
2009.11.18,3.82
2009.11.19,3.78
2009.11.20,3.73
2009.11.24,3.74
2009.11.25,3.67
2009.11.26,3.71
2009.11.27,3.68
2009.11.30,3.68
2009.12.01,4.15
2009.12.02,3.61
2009.12.03,3.56
2009.12.04,3.55
2009.12.07,3.39
2009.12.08,3.37
2009.12.09,3.75
2009.12.10,3.39
2009.12.11,3.48
2009.12.14,3.43
2009.12.15,3.24
2009.12.16,3.24
2009.12.17,3.17
2009.12.18,3.43
2009.12.21,3.62
2009.12.22,3.45
2009.12.24,3.45
2009.12.25,3.22
2009.12.28,3.62
2009.12.29,3.58
2009.12.30,3.74
2010.01.04,3.75
2010.01.05,3.64
2010.01.06,3.63
2010.01.07,3.63
2010.01.08,3.74
2010.01.12,3.79
2010.01.13,3.63
2010.01.14,3.54
2010.01.15,3.4
2010.01.18,3.36
2010.01.19,3.42
2010.01.20,3.35
2010.01.21,3.39
2010.01.22,3.38
2010.01.25,3.4
2010.01.26,3.47
2010.01.27,3.36
2010.01.28,3.21
2010.01.29,3.05
2010.02.01,2.96
2010.02.02,3.13
2010.02.03,3.11
2010.02.04,3.3
2010.02.05,3.46
2010.02.08,3.34
2010.02.09,3.22
2010.02.10,3.21
2010.02.12,3.2
2010.02.15,3.15
2010.02.16,3.07
2010.02.17,3.14
2010.02.18,3.07
2010.02.19,3.04
2010.02.22,3.12
2010.02.23,2.95
2010.02.24,2.88
2010.02.25,3.05
2010.02.26,3
2010.03.01,2.87
2010.03.02,2.83
2010.03.03,2.65
2010.03.04,2.88
2010.03.05,2.84
2010.03.08,2.85
2010.03.09,2.74
2010.03.10,2.78
2010.03.11,2.89
2010.03.12,3.11
2010.03.15,3.21
2010.03.16,3.16
2010.03.17,2.94
2010.03.18,3.2
2010.03.19,3.17
2010.03.23,3.1
2010.03.24,3.04
2010.03.25,3.19
2010.03.26,3.5
2010.03.29,3.54
2010.03.30,2.96
2010.03.31,3.29
2010.04.01,2.99
2010.04.02,3.04
2010.04.05,3.04
2010.04.06,3.07
2010.04.07,3.11
2010.04.08,3.09
2010.04.09,2.99
2010.04.12,3.06
2010.04.13,2.91
2010.04.14,2.87
2010.04.15,2.81
2010.04.16,2.78
2010.04.19,2.83
2010.04.20,2.67
2010.04.21,2.66
2010.04.22,2.68
2010.04.23,2.64
2010.04.26,2.6
2010.04.27,2.64
2010.04.28,2.91
2010.04.30,2.87
2010.05.06,3.03
2010.05.07,3.45
2010.05.10,3.43
2010.05.11,3.3
2010.05.12,3.16
2010.05.13,3.02
2010.05.14,2.93
2010.05.17,3.01
2010.05.18,3
2010.05.19,3.08
2010.05.20,3.15
2010.05.21,3.27
2010.05.24,3.14
2010.05.25,3.36
2010.05.26,3.42
2010.05.27,3.34
2010.05.28,3.5
2010.05.31,3.37
2010.06.01,3.19
2010.06.02,3.23
2010.06.03,3.21
2010.06.04,3.15
2010.06.07,3.21
2010.06.08,3.21
2010.06.09,3.17
2010.06.10,3.15
2010.06.11,3.13
2010.06.14,3.03
2010.06.15,2.96
2010.06.16,2.83
2010.06.17,2.78
2010.06.18,2.68
2010.06.21,2.69
2010.06.22,2.58
2010.06.23,2.49
2010.06.24,2.64
2010.06.25,2.67
2010.06.28,2.71
2010.06.29,2.75
2010.06.30,2.88
2010.07.01,3.1
2010.07.02,3.21
2010.07.05,3.03
2010.07.06,3.06
2010.07.07,3.04
2010.07.08,3.09
2010.07.09,3.05
2010.07.12,2.98
2010.07.13,2.89
2010.07.14,2.85
2010.07.15,2.96
2010.07.16,2.93
2010.07.20,3.08
2010.07.21,3.08
2010.07.22,3.1
2010.07.23,3.11
2010.07.26,2.77
2010.07.27,2.88
2010.07.28,2.88
2010.07.29,2.73
2010.07.30,2.84
2010.08.02,2.79
2010.08.03,2.65
2010.08.04,2.68
2010.08.05,2.76
2010.08.06,2.75
2010.08.09,2.74
2010.08.10,2.81
2010.08.11,2.75
2010.08.12,2.85
2010.08.13,2.82
2010.08.16,2.88
2010.08.17,2.94
2010.08.18,2.87
2010.08.19,3.03
2010.08.20,3.05
2010.08.23,2.96
2010.08.24,2.95
2010.08.25,2.97
2010.08.26,3
2010.08.27,3.33
2010.08.30,3.62
2010.08.31,3.56
2010.09.01,3.83
2010.09.02,4.02
2010.09.03,4.25
2010.09.06,4.35
2010.09.07,4.06
2010.09.08,3.65
2010.09.09,3.67
2010.09.10,3.92
2010.09.13,3.99
2010.09.14,3.8
2010.09.15,3.54
2010.09.16,3.46
2010.09.17,3.39
2010.09.21,3.32
2010.09.22,3.31
2010.09.24,3.38
2010.09.27,3.36
2010.09.28,3.59
2010.09.29,3.6
2010.09.30,3.21
2010.10.01,3.36
2010.10.04,3.36
2010.10.05,3.17
2010.10.06,3.11
2010.10.07,3.12
2010.10.08,3.1
2010.10.12,2.95
2010.10.13,2.96
2010.10.14,3.05
2010.10.15,3.03
2010.10.18,3.07
2010.10.19,3.23
2010.10.20,3.35
2010.10.21,3.31
2010.10.22,3.38
2010.10.25,3.47
2010.10.26,3.24
2010.10.27,3.41
2010.10.28,3.29
2010.10.29,3.41
2010.11.01,3.51
2010.11.02,3.45
2010.11.04,3.07
2010.11.05,3.12
2010.11.08,3.18
2010.11.09,3.24
2010.11.10,3.38
2010.11.11,3.25
2010.11.12,3.14
2010.11.15,3.43
2010.11.16,3.76
2010.11.17,3.53
2010.11.18,3.76
2010.11.19,4
2010.11.22,4.11
2010.11.24,3.86
2010.11.25,4.05
2010.11.26,4.39
2010.11.29,4.2
2010.11.30,4.11
2010.12.01,3.99
2010.12.02,4.07
2010.12.03,3.95
2010.12.06,3.92
2010.12.07,3.88
2010.12.08,4.85
2010.12.09,4.78
2010.12.10,4.24
2010.12.13,5.24
2010.12.14,4.87
2010.12.15,5
2010.12.16,5.04
2010.12.17,4.54
2010.12.20,4.58
2010.12.21,4.48
2010.12.22,4.54
2010.12.24,4.59
2010.12.27,4.44
2010.12.28,4.49
2010.12.29,4.2
2010.12.30,4.02
2011.01.04,4.32
2011.01.05,4.31
2011.01.06,4.6
2011.01.07,4.49
2011.01.11,4.2
2011.01.12,4.05
2011.01.13,3.95
2011.01.14,3.88
2011.01.17,3.9
2011.01.18,3.93
2011.01.19,4.22
2011.01.20,4.01
2011.01.21,4.03
2011.01.24,4.12
2011.01.25,4.01
2011.01.26,3.8
2011.01.27,3.66
2011.01.28,3.74
2011.01.31,3.91
2011.02.01,3.85
2011.02.02,3.57
2011.02.03,3.57
2011.02.04,3.88
2011.02.07,3.94
2011.02.08,4.04
2011.02.09,4.18
2011.02.10,3.89
2011.02.14,4.04
2011.02.15,3.8
2011.02.16,3.94
2011.02.17,3.88
2011.02.18,3.59
2011.02.21,3.66
2011.02.22,3.59
2011.02.23,3.78
2011.02.24,3.9
2011.02.25,4.06
2011.02.28,4.24
2011.03.01,3.89
2011.03.02,3.85
2011.03.03,3.86
2011.03.04,3.89
2011.03.07,3.81
2011.03.08,3.8
2011.03.09,3.8
2011.03.10,3.71
2011.03.11,3.55
2011.03.14,5.52
2011.03.15,6.56
2011.03.16,6.05
2011.03.17,5.71
2011.03.18,4.99
2011.03.22,4.95
2011.03.23,4.35
2011.03.24,4.27
2011.03.25,4.15
2011.03.28,4.3
2011.03.29,4.26
2011.03.30,4.24
2011.03.31,4.19
2011.04.01,4.25
2011.04.04,4.12
2011.04.05,3.77
2011.04.06,3.85
2011.04.07,3.9
2011.04.08,3.97
2011.04.11,3.96
2011.04.12,3.94
2011.04.13,3.78
2011.04.14,3.56
2011.04.15,3.45
2011.04.18,3.48
2011.04.19,3.27
2011.04.20,3.15
2011.04.21,3.05
2011.04.22,3.02
2011.04.25,2.89
2011.04.26,2.94
2011.04.27,3.14
2011.04.28,2.8
2011.05.02,3.07
2011.05.06,3.39
2011.05.09,3.48
2011.05.10,3.52
2011.05.11,3.39
2011.05.12,3.25
2011.05.13,3.18
2011.05.16,3.31
2011.05.17,3.24
2011.05.18,3.01
2011.05.19,2.9
2011.05.20,3.01
2011.05.23,3.14
2011.05.24,2.96
2011.05.25,3.05
2011.05.26,3.03
2011.05.27,3.01
2011.05.30,3.13
2011.05.31,3.87
2011.06.01,3.4
2011.06.02,3.29
2011.06.03,3.12
2011.06.06,3.27
2011.06.07,3.27
2011.06.08,3.18
2011.06.09,3.1
2011.06.10,3.02
2011.06.13,3.05
2011.06.14,3.27
2011.06.15,3.24
2011.06.16,3.25
2011.06.17,3.28
2011.06.20,3.21
2011.06.21,3.36
2011.06.22,3.27
2011.06.23,3.16
2011.06.24,3.11
2011.06.27,3.36
2011.06.28,3.41
2011.06.29,3.61
2011.06.30,3.5
2011.07.01,3.1
2011.07.04,3.13
2011.07.05,3.03
2011.07.06,3.21
2011.07.07,3.17
2011.07.08,3.18
2011.07.11,3.13
2011.07.12,3.34
2011.07.13,3.43
2011.07.14,3.55
2011.07.15,3.33
2011.07.19,3.41
2011.07.20,3.48
2011.07.21,3.39
2011.07.22,3.31
2011.07.25,3.3
2011.07.26,3.3
2011.07.27,3.33
2011.07.28,3.25
2011.07.29,3.2
2011.08.01,3.01
2011.08.02,2.98
2011.08.03,2.95
2011.08.04,2.83
2011.08.05,2.94
2011.08.08,3.17
2011.08.09,3.46
2011.08.10,3.31
2011.08.11,3.4
2011.08.12,3.24
2011.08.15,3.22
2011.08.16,3.27
2011.08.17,3.21
2011.08.18,3.17
2011.08.19,3.18
2011.08.22,3.22
2011.08.23,3.32
2011.08.24,3.38
2011.08.25,3.28
2011.08.26,3.34
2011.08.29,3.11
2011.08.30,2.9
2011.08.31,2.86
2011.09.01,3
2011.09.02,2.91
2011.09.05,3
2011.09.06,3.16
2011.09.07,3.1
2011.09.08,2.96
2011.09.09,2.89
2011.09.12,2.98
2011.09.13,2.89
2011.09.14,3.06
2011.09.15,2.96
2011.09.16,2.96
2011.09.20,3.03
2011.09.21,3.06
2011.09.22,3.05
2011.09.26,3.15
2011.09.27,3.05
2011.09.28,2.99
2011.09.29,2.87
2011.09.30,2.96
2011.10.03,2.87
2011.10.04,2.85
2011.10.05,2.74
2011.10.06,2.7
2011.10.07,2.64
2011.10.11,2.7
2011.10.12,2.68
2011.10.13,3
2011.10.14,2.85
2011.10.17,3
2011.10.18,2.95
2011.10.19,2.9
2011.10.20,2.79
2011.10.21,2.63
2011.10.24,2.66
2011.10.25,2.68
2011.10.26,2.66
2011.10.27,2.62
2011.10.28,2.78
2011.10.31,2.77
2011.11.01,2.66
2011.11.02,2.73
2011.11.04,2.66
2011.11.07,2.71
2011.11.08,2.61
2011.11.09,2.49
2011.11.10,2.52
2011.11.11,2.56
2011.11.14,2.59
2011.11.15,2.42
2011.11.16,2.49
2011.11.17,2.71
2011.11.18,2.96
2011.11.21,2.89
2011.11.22,2.72
2011.11.24,2.91
2011.11.25,3.74
2011.11.28,3.76
2011.11.29,3.77
2011.11.30,4.04
2011.12.01,3.59
2011.12.02,3.27
2011.12.05,3.13
2011.12.06,2.76
2011.12.07,2.86
2011.12.08,2.94
2011.12.09,2.88
2011.12.12,2.81
2011.12.13,2.69
2011.12.14,2.72
2011.12.15,2.67
2011.12.16,2.78
2011.12.19,2.71
2011.12.20,2.53
2011.12.21,2.45
2011.12.22,2.47
2011.12.26,2.44
2011.12.27,2.55
2011.12.28,2.88
2011.12.29,2.57
2011.12.30,2.41
2012.01.04,2.61
2012.01.05,2.49
2012.01.06,2.42
2012.01.10,2.6
2012.01.11,2.44
2012.01.12,2.41
2012.01.13,2.3
2012.01.16,2.5
2012.01.17,2.58
2012.01.18,2.53
2012.01.19,2.4
2012.01.20,2.63
2012.01.23,2.7
2012.01.24,2.74
2012.01.25,2.65
2012.01.26,2.33
2012.01.27,2.31
2012.01.30,2.32
2012.01.31,2.28
2012.02.01,2.16
2012.02.02,2.11
2012.02.03,2.16
2012.02.06,2.4
2012.02.07,2.4
2012.02.08,2.47
2012.02.09,2.49
2012.02.10,2.28
2012.02.13,2.29
2012.02.14,2.23
2012.02.15,2.25
2012.02.16,2.28
2012.02.17,2.33
2012.02.20,2.48
2012.02.21,2.42
2012.02.22,2.48
2012.02.23,2.46
2012.02.24,2.08
2012.02.27,2.11
2012.02.28,2.15
2012.02.29,2.19
2012.03.01,2.04
2012.03.02,2.24
2012.03.05,2.17
2012.03.06,2.11
2012.03.07,1.95
2012.03.08,2.13
2012.03.09,2.16
2012.03.12,2.14
2012.03.13,2.17
2012.03.14,2.89
2012.03.15,4.08
2012.03.16,3.72
2012.03.19,3.41
2012.03.21,3.23
2012.03.22,3.09
2012.03.23,2.99
2012.03.26,3.13
2012.03.27,3.04
2012.03.28,2.9
2012.03.29,3.01
2012.03.30,2.77
2012.04.02,2.83
2012.04.03,2.9
2012.04.04,2.72
2012.04.05,2.62
2012.04.06,2.79
2012.04.09,2.8
2012.04.10,2.62
2012.04.11,2.48
2012.04.12,2.5
2012.04.13,2.54
2012.04.16,2.42
2012.04.17,2.36
2012.04.18,2.6
2012.04.19,2.69
2012.04.20,2.54
2012.04.23,2.7
2012.04.24,2.9
2012.04.25,2.79
2012.04.26,2.69
2012.04.27,2.12
2012.05.01,2.11
2012.05.02,2.37
2012.05.07,2.39
2012.05.08,2.42
2012.05.09,2.32
2012.05.10,2.54
2012.05.11,2.42
2012.05.14,2.4
2012.05.15,2.55
2012.05.16,2.73
2012.05.17,2.94
2012.05.18,3.01
2012.05.21,3.14
2012.05.22,2.88
2012.05.23,2.78
2012.05.24,2.67
2012.05.25,2.79
2012.05.28,2.63
2012.05.29,2.48
2012.05.30,2.48
2012.05.31,2.81
2012.06.01,2.86
2012.06.04,3.02
2012.06.05,3.41
2012.06.06,3.14
2012.06.07,3.04
2012.06.08,2.74
2012.06.11,2.8
2012.06.12,2.6
2012.06.13,2.78
2012.06.14,2.73
2012.06.15,2.64
2012.06.18,2.38
2012.06.19,2.37
2012.06.20,2.43
2012.06.21,2.35
2012.06.22,2.41
2012.06.25,2.39
2012.06.26,2.23
2012.06.27,2.16
2012.06.28,2.29
2012.06.29,2.33
2012.07.02,2.24
2012.07.03,2.03
2012.07.04,2.01
2012.07.05,2.02
2012.07.06,2.02
2012.07.09,1.98
2012.07.10,2.02
2012.07.11,1.96
2012.07.12,1.9
2012.07.13,1.99
2012.07.17,2.31
2012.07.18,2.28
2012.07.19,2.28
2012.07.20,2.35
2012.07.23,2.39
2012.07.24,2.38
2012.07.25,2.36
2012.07.26,2.49
2012.07.27,2.47
2012.07.30,2.46
2012.07.31,2.55
2012.08.01,2.42
2012.08.02,2.36
2012.08.03,2.18
2012.08.06,2.33
2012.08.07,2.67
2012.08.08,2.74
2012.08.09,2.68
2012.08.10,2.67
2012.08.13,2.63
2012.08.14,2.39
2012.08.15,2.43
2012.08.16,2.77
2012.08.17,2.58
2012.08.20,2.63
2012.08.21,2.56
2012.08.22,2.35
2012.08.23,2.37
2012.08.24,2.22
2012.08.27,2.28
2012.08.28,2.28
2012.08.29,2.19
2012.08.30,2.41
2012.08.31,2.48
2012.09.03,2.38
2012.09.04,2.35
2012.09.05,2.33
2012.09.06,2.4
2012.09.07,2.43
2012.09.10,2.27
2012.09.11,2.24
2012.09.12,2.34
2012.09.13,2.46
2012.09.14,2.21
2012.09.18,2.51
2012.09.19,2.46
2012.09.20,2.26
2012.09.21,2.26
2012.09.24,2.21
2012.09.25,2.18
2012.09.26,2.09
2012.09.27,2.09
2012.09.28,1.93
2012.10.01,1.83
2012.10.02,1.85
2012.10.03,1.96
2012.10.04,1.98
2012.10.05,1.94
2012.10.09,2.01
2012.10.10,1.97
2012.10.11,1.93
2012.10.12,1.99
2012.10.15,1.95
2012.10.16,1.92
2012.10.17,1.88
2012.10.18,2.11
2012.10.19,1.99
2012.10.22,2.05
2012.10.23,2.15
2012.10.24,2.04
2012.10.25,2.18
2012.10.26,2.08
2012.10.29,2.2
2012.10.30,2.11
2012.10.31,2.03
2012.11.01,2.04
2012.11.02,2.02
2012.11.05,2.11
2012.11.06,2.16
2012.11.07,2.06
2012.11.08,2.03
2012.11.09,2.23
2012.11.12,2.23
2012.11.13,2.31
2012.11.14,2.44
2012.11.15,2.34
2012.11.16,2.52
2012.11.19,2.33
2012.11.20,2.07
2012.11.21,1.94
2012.11.22,2.09
2012.11.26,2.12
2012.11.27,2
2012.11.28,1.91
2012.11.29,1.9
2012.11.30,1.88
2012.12.03,2.11
2012.12.04,2.1
2012.12.05,2.06
2012.12.06,2.13
2012.12.07,2.19
2012.12.10,1.95
2012.12.11,2.15
2012.12.12,1.97
2012.12.13,2.4
2012.12.14,2.45
2012.12.17,2.4
2012.12.18,2.44
2012.12.19,2.52
2012.12.20,2.2
2012.12.21,2.4
2012.12.25,2.64
2012.12.26,2.7
2012.12.27,2.58
2012.12.28,2.48
2013.01.04,2.7
2013.01.07,2.73
2013.01.08,2.56
2013.01.09,2.6
2013.01.10,2.5
2013.01.11,2.44
2013.01.15,2.48
2013.01.16,2.46
2013.01.17,2.62
2013.01.18,2.76
2013.01.21,2.78
2013.01.22,2.51
2013.01.23,2.37
2013.01.24,2.2
2013.01.25,2.17
2013.01.28,2.48
2013.01.29,2.64
2013.01.30,2.53
2013.01.31,2.51
2013.02.01,2.69
2013.02.04,2.92
2013.02.05,2.64
2013.02.06,2.67
2013.02.07,2.61
2013.02.08,2.52
2013.02.12,2.59
2013.02.13,2.56
2013.02.14,2.7
2013.02.15,2.54
2013.02.18,2.36
2013.02.19,2.29
2013.02.20,2.39
2013.02.21,2.45
2013.02.22,2.37
2013.02.25,2.5
2013.02.26,2.45
2013.02.27,2.54
2013.02.28,2.41
2013.03.01,2.49
2013.03.04,2.49
2013.03.05,2.76
2013.03.06,2.94
2013.03.07,2.92
2013.03.08,2.7
2013.03.11,2.68
2013.03.12,2.63
2013.03.13,2.53
2013.03.14,2.42
2013.03.15,2.1
2013.03.18,2.22
2013.03.19,2.25
2013.03.21,2.2
2013.03.22,2.39
2013.03.25,2.57
2013.03.26,2.78
2013.03.27,2.9
2013.03.28,3.1
2013.03.29,3.33
2013.04.01,2.87
2013.04.02,2.85
2013.04.03,2.8
2013.04.04,2.33
2013.04.05,5.75
2013.04.08,5.44
2013.04.09,4.87
2013.04.10,5
2013.04.11,5.27
2013.04.12,6.12
2013.04.15,6.55
2013.04.16,5.65
2013.04.17,5.19
2013.04.18,4.58
2013.04.19,4.13
2013.04.22,4.03
2013.04.23,3.64
2013.04.24,3.98
2013.04.25,3.76
2013.04.26,3.61
2013.04.30,3.54
2013.05.01,3.1
2013.05.02,2.7
2013.05.07,3.04
2013.05.08,2.99
2013.05.09,2.81
2013.05.10,4.32
2013.05.13,4.65
2013.05.14,5.57
2013.05.15,5.97
2013.05.16,5.34
2013.05.17,5.05
2013.05.20,5.38
2013.05.21,5.98
2013.05.22,5.93
2013.05.23,6.4
2013.05.24,5.55
2013.05.27,6.01
2013.05.28,6.22
2013.05.29,6.41
2013.05.30,5.67
2013.05.31,5.41
2013.06.03,5.61
2013.06.04,5.73
2013.06.05,5.73
2013.06.06,5.53
2013.06.07,6.07
2013.06.10,5.51
2013.06.11,5.49
2013.06.12,5.58
2013.06.13,5.7
2013.06.14,5.34
2013.06.17,5.27
2013.06.18,5.21
2013.06.19,4.83
2013.06.20,5.04
2013.06.21,5.27
2013.06.24,5.01
2013.06.25,4.85
2013.06.26,4.85
2013.06.27,4.78
2013.06.28,4.67
2013.07.01,4.57
2013.07.02,4.73
2013.07.03,4.57
2013.07.04,4.27
2013.07.05,4.17
2013.07.08,4.41
2013.07.09,4.09
2013.07.10,3.85
2013.07.11,3.41
2013.07.12,3.39
2013.07.16,3.74
2013.07.17,3.69
2013.07.18,3.52
2013.07.19,3.66
2013.07.22,3.38
2013.07.23,3.28
2013.07.24,3.29
2013.07.25,3.54
2013.07.26,3.08
2013.07.29,3.28
2013.07.30,3.1
2013.07.31,3.44
2013.08.01,3.22
2013.08.02,3.61
2013.08.05,3.3
2013.08.06,3.23
2013.08.07,3.17
2013.08.08,3.13
2013.08.09,3.21
2013.08.12,3.32
2013.08.13,3.26
2013.08.14,3.44
2013.08.15,3.36
2013.08.16,3.5
2013.08.19,3.85
2013.08.20,3.79
2013.08.21,3.76
2013.08.22,3.74
2013.08.23,3.95
2013.08.26,3.44
2013.08.27,3.09
2013.08.28,3.12
2013.08.29,3.18
2013.08.30,3.11
2013.09.02,3.11
2013.09.03,3.18
2013.09.04,3.36
2013.09.05,3.48
2013.09.06,3.59
2013.09.09,3.21
2013.09.10,3.08
2013.09.11,3.05
2013.09.12,3.01
2013.09.13,2.91
2013.09.17,2.93
2013.09.18,2.88
2013.09.19,2.79
2013.09.20,2.72
2013.09.24,2.77
2013.09.25,2.8
2013.09.26,2.84
2013.09.27,2.59
2013.09.30,2.68
2013.10.01,2.55
2013.10.02,2.37
2013.10.03,2.33
2013.10.04,2.48
2013.10.07,2.58
2013.10.08,2.59
2013.10.09,2.53
2013.10.10,2.44
2013.10.11,2.35
2013.10.15,2.54
2013.10.16,2.47
2013.10.17,2.41
2013.10.18,2.29
2013.10.21,2.28
2013.10.22,2.25
2013.10.23,2.2
2013.10.24,2.48
2013.10.25,2.46
2013.10.28,2.67
2013.10.29,2.51
2013.10.30,2.52
2013.10.31,2.65
2013.11.01,2.62
2013.11.05,2.76
2013.11.06,2.73
2013.11.07,2.65
2013.11.08,2.67
2013.11.11,2.72
2013.11.12,2.85
2013.11.13,2.85
2013.11.14,2.78
2013.11.15,3.06
2013.11.18,3.03
2013.11.19,2.87
2013.11.20,2.91
2013.11.21,3.03
2013.11.22,2.67
2013.11.25,2.72
2013.11.26,2.39
2013.11.27,2.37
2013.11.28,2.37
2013.11.29,2.34
2013.12.02,2.33
2013.12.03,2.58
2013.12.04,2.48
2013.12.05,2.6
2013.12.06,2.88
2013.12.09,2.72
2013.12.10,2.76
2013.12.11,2.83
2013.12.12,2.57
2013.12.13,2.96
2013.12.16,3.04
2013.12.17,2.81
2013.12.18,2.85
2013.12.19,2.81
2013.12.20,2.86
2013.12.24,2.53
2013.12.25,2.41
2013.12.26,2.69
2013.12.27,2.56
2013.12.30,3.12
2014.01.06,2.83
2014.01.07,2.51
2014.01.08,2.73
2014.01.09,2.64
2014.01.10,2.6
2014.01.14,2.54
2014.01.15,2.64
2014.01.16,2.53
2014.01.17,2.41
2014.01.20,2.31
2014.01.21,2.5
2014.01.22,2.34
2014.01.23,2.37
2014.01.24,2.41
2014.01.27,2.52
2014.01.28,2.54
2014.01.29,2.58
2014.01.30,2.57
2014.01.31,2.43
2014.02.03,2.58
2014.02.04,2.58
2014.02.05,2.43
2014.02.06,2.57
2014.02.07,2.58
2014.02.10,2.49
2014.02.12,2.53
2014.02.13,2.17
2014.02.14,2.15
2014.02.17,2.2
2014.02.18,2.31
2014.02.19,2.22
2014.02.20,2.24
2014.02.21,2.25
2014.02.24,2.32
2014.02.25,2.35
2014.02.26,2.37
2014.02.27,2.37
2014.02.28,1.98
2014.03.03,2.02
2014.03.04,1.99
2014.03.05,2.07
2014.03.06,1.92
2014.03.07,2.09
2014.03.10,2.06
2014.03.11,2.05
2014.03.12,2.02
2014.03.13,2.38
2014.03.14,2.24
2014.03.17,2.36
2014.03.18,2.33
2014.03.19,2.25
2014.03.20,2.17
2014.03.24,2.5
2014.03.25,2.64
2014.03.26,2.84
2014.03.27,2.91
2014.03.28,2.76
2014.03.31,2.86
2014.04.01,2.46
2014.04.02,2.46
2014.04.03,2.71
2014.04.04,2.67
2014.04.07,2.4
2014.04.08,2.34
2014.04.09,2.25
2014.04.10,2.23
2014.04.11,2.3
2014.04.14,2.25
2014.04.15,2.17
2014.04.16,2.09
2014.04.17,2.05
2014.04.18,2.13
2014.04.21,2.13
2014.04.22,2.18
2014.04.23,2.2
2014.04.24,2.44
2014.04.25,2.32
2014.04.28,2.25
2014.04.30,2.24
2014.05.01,2
2014.05.02,1.93
2014.05.07,2.01
2014.05.08,1.97
2014.05.09,2.01
2014.05.12,2.05
2014.05.13,1.97
2014.05.14,2.06
2014.05.15,2.14
2014.05.16,2.06
2014.05.19,2
2014.05.20,1.92
2014.05.21,1.99
2014.05.22,2.02
2014.05.23,1.99
2014.05.26,2.04
2014.05.27,2.02
2014.05.28,1.9
2014.05.29,2.06
2014.05.30,2
2014.06.02,2.06
2014.06.03,2.02
2014.06.04,1.89
2014.06.05,1.92
2014.06.06,1.8
2014.06.09,1.84
2014.06.10,1.84
2014.06.11,1.85
2014.06.12,1.83
2014.06.13,1.98
2014.06.16,1.96
2014.06.17,1.91
2014.06.18,1.94
2014.06.19,1.89
2014.06.20,1.8
2014.06.23,1.88
2014.06.24,1.8
2014.06.25,1.73
2014.06.26,1.77
2014.06.27,1.78
2014.06.30,1.93
2014.07.01,1.8
2014.07.02,1.8
2014.07.03,1.84
2014.07.04,1.76
2014.07.07,1.72
2014.07.08,1.68
2014.07.09,1.68
2014.07.10,1.66
2014.07.11,1.66
2014.07.14,1.69
2014.07.15,1.68
2014.07.16,1.69
2014.07.17,1.6
2014.07.18,1.61
2014.07.22,1.73
2014.07.23,1.57
2014.07.24,1.53
2014.07.25,1.53
2014.07.28,1.65
2014.07.29,1.64
2014.07.30,1.69
2014.07.31,1.64
2014.08.01,1.75
2014.08.04,1.71
2014.08.05,1.47
2014.08.06,1.61
2014.08.07,1.77
2014.08.08,1.81
2014.08.11,1.77
2014.08.12,1.7
2014.08.13,1.61
2014.08.14,1.46
2014.08.15,1.48
2014.08.18,1.52
2014.08.19,1.52
2014.08.20,1.52
2014.08.21,1.81
2014.08.22,1.58
2014.08.25,1.54
2014.08.26,1.6
2014.08.27,1.67
2014.08.28,1.59
2014.08.29,1.71
2014.09.01,1.8
2014.09.02,1.81
2014.09.03,1.79
2014.09.04,1.75
2014.09.05,1.8
2014.09.08,1.69
2014.09.09,1.72
2014.09.10,1.96
2014.09.11,2.35
2014.09.12,2.28
2014.09.16,2.35
2014.09.17,2.21
2014.09.18,2.52
2014.09.19,2.31
2014.09.22,2.1
2014.09.24,1.99
2014.09.25,1.97
2014.09.26,2
2014.09.29,1.99
2014.09.30,1.94
2014.10.01,1.86
2014.10.02,1.91
2014.10.03,1.79
2014.10.06,1.8
2014.10.07,1.75
2014.10.08,1.71
2014.10.09,1.73
2014.10.10,1.79
2014.10.14,1.82
2014.10.15,1.78
2014.10.16,2
2014.10.17,1.93
2014.10.20,2.22
2014.10.21,2.05
2014.10.22,2
2014.10.23,1.87
2014.10.24,1.76
2014.10.27,1.81
2014.10.28,1.84
2014.10.29,1.98
2014.10.30,1.99
2014.10.31,2.39
2014.11.04,2.58
2014.11.05,2.81
2014.11.06,2.47
2014.11.07,2.33
2014.11.10,2.19
2014.11.11,2.51
2014.11.12,3.13
2014.11.13,2.56
2014.11.14,2.55
2014.11.17,2.72
2014.11.18,2.67
2014.11.19,2.47
2014.11.20,2.65
2014.11.21,2.43
2014.11.25,2.31
2014.11.26,2.26
2014.11.27,2.18
2014.11.28,2.23
2014.12.01,2.23
2014.12.02,2.16
2014.12.03,2.09
2014.12.04,2.2
2014.12.05,2.14
2014.12.08,2.31
2014.12.09,2.16
2014.12.10,2.3
2014.12.11,2.23
2014.12.12,2.14
2014.12.15,2.04
2014.12.16,2.05
2014.12.17,2.23
2014.12.18,2.02
2014.12.19,2.03
2014.12.22,1.93
2014.12.24,1.95
2014.12.25,1.92
2014.12.26,2.07
2014.12.29,2.19
2014.12.30,2.32
2015.01.05,2.22
2015.01.06,2.07
2015.01.07,2.29
2015.01.08,2.08
2015.01.09,1.98
2015.01.13,2.15
2015.01.14,2.34
2015.01.15,2.32
2015.01.16,2.44
2015.01.19,2.88
2015.01.20,2.9
2015.01.21,2.72
2015.01.22,2.97
2015.01.23,3.42
2015.01.26,3.83
2015.01.27,3.42
2015.01.28,3.6
2015.01.29,3.57
2015.01.30,3.47
2015.02.02,3.2
2015.02.03,3.88
2015.02.04,3.96
2015.02.05,3.57
2015.02.06,3.32
2015.02.09,3.27
2015.02.10,3.59
2015.02.12,3.61
2015.02.13,3.66
2015.02.16,3.69
2015.02.17,3.42
2015.02.18,3.32
2015.02.19,3.07
2015.02.20,3.09
2015.02.23,2.89
2015.02.24,2.57
2015.02.25,2.48
2015.02.26,3.09
2015.02.27,3.07
2015.03.02,2.83
2015.03.03,2.98
2015.03.04,3
2015.03.05,2.81
2015.03.06,2.66
2015.03.09,3.04
2015.03.10,3.36
2015.03.11,2.97
2015.03.12,2.92
2015.03.13,3.13
2015.03.16,3.26
2015.03.17,3.22
2015.03.18,2.95
2015.03.19,2.98
2015.03.20,2.88
2015.03.23,3.06
2015.03.24,3.12
2015.03.25,3.2
2015.03.26,2.82
2015.03.27,3.44
2015.03.30,3.38
2015.03.31,3.47
2015.04.01,3.14
2015.04.02,2.91
2015.04.03,2.69
2015.04.06,2.62
2015.04.07,2.78
2015.04.08,2.7
2015.04.09,2.67
2015.04.10,2.53
2015.04.13,2.49
2015.04.14,2.29
2015.04.15,2.01
2015.04.16,2.16
2015.04.17,2.19
2015.04.20,2.03
2015.04.21,1.99
2015.04.22,1.98
2015.04.23,2.28
2015.04.24,2.29
2015.04.27,2.53
2015.04.28,2.5
2015.04.30,2.53
2015.05.01,2.79
2015.05.07,3.99
2015.05.08,3.82
2015.05.11,3.27
2015.05.12,3.7
2015.05.13,3.89
2015.05.14,3.57
2015.05.15,3.24
2015.05.18,3.23
2015.05.19,3.1
2015.05.20,3
2015.05.21,2.89
2015.05.22,2.71
2015.05.25,2.8
2015.05.26,2.7
2015.05.27,2.61
2015.05.28,2.85
2015.05.29,2.89
2015.06.01,2.96
2015.06.02,2.9
2015.06.03,3.3
2015.06.04,3.68
2015.06.05,3.33
2015.06.08,3.19
2015.06.09,2.87
2015.06.10,3.39
2015.06.11,3.95
2015.06.12,3.65
2015.06.15,3.48
2015.06.16,3.27
2015.06.17,3.3
2015.06.18,3.1
2015.06.19,2.91
2015.06.22,2.93
2015.06.23,3.47
2015.06.24,3.5
2015.06.25,3.44
2015.06.26,3.82
2015.06.29,3.94
2015.06.30,3.61
2015.07.01,3.63
2015.07.02,3.93
2015.07.03,3.52
2015.07.06,3.34
2015.07.07,3.08
2015.07.08,3.03
2015.07.09,3.07
2015.07.10,2.86
2015.07.13,2.86
2015.07.14,2.9
2015.07.15,2.63
2015.07.16,2.67
2015.07.17,2.52
2015.07.21,2.53
2015.07.22,2.67
2015.07.23,2.58
2015.07.24,2.54
2015.07.27,2.55
2015.07.28,2.63
2015.07.29,2.35
2015.07.30,2.35
2015.07.31,2.26
2015.08.03,2.35
2015.08.04,2.34
2015.08.05,2.71
2015.08.06,2.85
2015.08.07,2.73
2015.08.10,2.75
2015.08.11,2.68
2015.08.12,2.88
2015.08.13,2.93
2015.08.14,2.15
2015.08.17,2.29
2015.08.18,2.36
2015.08.19,2.35
2015.08.20,2.21
2015.08.21,2.28
2015.08.24,2.59
2015.08.25,2.64
2015.08.26,2.55
2015.08.27,2.57
2015.08.28,2.57
2015.08.31,2.52
2015.09.01,2.28
2015.09.02,2.48
2015.09.03,2.49
2015.09.04,2.46
2015.09.07,2.49
2015.09.08,2.47
2015.09.09,2.61
2015.09.10,2.82
2015.09.11,2.81
2015.09.14,2.94
2015.09.15,2.82
2015.09.16,2.53
2015.09.17,2.48
2015.09.18,2.51
2015.09.24,2.58
2015.09.25,2.71
2015.09.28,3.02
2015.09.29,2.93
2015.09.30,2.85
2015.10.01,2.74
2015.10.02,2.63
2015.10.05,2.51
2015.10.06,2.5
2015.10.07,2.38
2015.10.08,2.21
2015.10.09,2.12
2015.10.13,1.99
2015.10.14,1.99
2015.10.15,2.02
2015.10.16,1.95
2015.10.19,2.02
2015.10.20,1.96
2015.10.21,2.02
2015.10.22,2.01
2015.10.23,2.01
2015.10.26,2.21
2015.10.27,2.2
2015.10.28,2.24
2015.10.29,2.25
2015.10.30,1.86
2015.11.02,1.73
2015.11.04,1.95
2015.11.05,1.87
2015.11.06,1.88
2015.11.09,1.97
2015.11.10,1.73
2015.11.11,1.88
2015.11.12,1.53
2015.11.13,1.86
2015.11.16,1.78
2015.11.17,1.66
2015.11.18,1.6
2015.11.19,1.63
2015.11.20,1.98
2015.11.24,2.16
2015.11.25,1.88
2015.11.26,1.8
2015.11.27,1.75
2015.11.30,1.88
2015.12.01,1.86
2015.12.02,1.9
2015.12.03,1.91
2015.12.04,2.02
2015.12.07,1.91
2015.12.08,1.78
2015.12.09,1.75
2015.12.10,1.69
2015.12.11,1.69
2015.12.14,1.69
2015.12.15,1.73
2015.12.16,1.82
2015.12.17,1.58
2015.12.18,1.69
2015.12.21,1.83
2015.12.22,1.63
2015.12.24,1.77
2015.12.25,1.66
2015.12.28,1.7
2015.12.29,1.81
2015.12.30,1.96
2016.01.04,1.78
2016.01.05,1.77
2016.01.06,1.73
2016.01.07,1.75
2016.01.08,1.88
2016.01.12,1.88
2016.01.13,1.95
2016.01.14,2.67
2016.01.15,2.14
2016.01.18,2.18
2016.01.19,2.23
2016.01.20,2.25
2016.01.21,2.32
2016.01.22,2.22
2016.01.25,2.14
2016.01.26,2.15
2016.01.27,2.19
2016.01.28,2.36
2016.01.29,3.1
2016.02.01,3.68
2016.02.02,3.2
2016.02.03,3.2
2016.02.04,3.27
2016.02.05,3.73
2016.02.08,4
2016.02.09,5.14
2016.02.10,5.56
2016.02.12,5.73
2016.02.15,4.63
2016.02.16,4.02
2016.02.17,4.38
2016.02.18,3.98
2016.02.19,4.18
2016.02.22,4.1
2016.02.23,3.86
2016.02.24,3.78
2016.02.25,3.91
2016.02.26,4.11
2016.02.29,3.35
2016.03.01,3.54
2016.03.02,3.68
2016.03.03,3.88
2016.03.04,3.53
2016.03.07,3.41
2016.03.08,3.47
2016.03.09,4.22
2016.03.10,3.93
2016.03.11,3.94
2016.03.14,3.9
2016.03.15,3.68
2016.03.16,3.57
2016.03.17,3.5
2016.03.18,3.7
2016.03.22,3.71
2016.03.23,3.8
2016.03.24,3.95
2016.03.25,4.01
2016.03.28,3.99
2016.03.29,4.01
2016.03.30,4
2016.03.31,4.2
2016.04.01,3.44
2016.04.04,3.46
2016.04.05,3.16
2016.04.06,2.91
2016.04.07,3.03
2016.04.08,3.15
2016.04.11,3.21
2016.04.12,3.16
2016.04.13,3.05
2016.04.14,3.06
2016.04.15,3.34
2016.04.18,3.13
2016.04.19,2.97
2016.04.20,3.08
2016.04.21,3.08
2016.04.22,3.24
2016.04.25,3.56
2016.04.26,3.44
2016.04.27,3.6
2016.04.28,3.24
2016.05.02,2.9
2016.05.06,2.77
2016.05.09,2.71
2016.05.10,2.58
2016.05.11,2.58
2016.05.12,2.48
2016.05.13,2.56
2016.05.16,2.25
2016.05.17,2.42
2016.05.18,2.5
2016.05.19,2.72
2016.05.20,2.48
2016.05.23,2.42
2016.05.24,2.34
2016.05.25,2.33
2016.05.26,2.36
2016.05.27,2.29
2016.05.30,2.24
2016.05.31,2.52
2016.06.01,2.25
2016.06.02,2.2
2016.06.03,2.13
2016.06.06,2.21
2016.06.07,2.21
2016.06.08,2.4
2016.06.09,2.56
2016.06.10,2.82
2016.06.13,3.07
2016.06.14,3.02
2016.06.15,3.29
2016.06.16,2.71
2016.06.17,2.95
2016.06.20,3.15
2016.06.21,2.93
2016.06.22,2.91
2016.06.23,2.98
2016.06.24,3.02
2016.06.27,3.04
2016.06.28,3.35
2016.06.29,3.34
2016.06.30,3.01
2016.07.01,3
2016.07.04,3.06
2016.07.05,2.88
2016.07.06,3.24
2016.07.07,3.11
2016.07.08,3.13
2016.07.11,3.03
2016.07.12,2.99
2016.07.13,3.07
2016.07.14,2.86
2016.07.15,3.18
2016.07.19,3.23
2016.07.20,3.15
2016.07.21,3.33
2016.07.22,3.29
2016.07.25,3.46
2016.07.26,3.51
2016.07.27,3.95
2016.07.28,3.75
2016.07.29,3.31
2016.08.01,3.7
2016.08.02,3.7
2016.08.03,3.48
2016.08.04,3.47
2016.08.05,3.14
2016.08.08,3.74
2016.08.09,3.2
2016.08.10,3.3
2016.08.12,3.11
2016.08.15,3.46
2016.08.16,3.16
2016.08.17,3.38
2016.08.18,3.5
2016.08.19,3.37
2016.08.22,3.6
2016.08.23,3.76
2016.08.24,3.61
2016.08.25,3.45
2016.08.26,3.52
2016.08.29,4.02
2016.08.30,3.93
2016.08.31,3.75
2016.09.01,3.6
2016.09.02,3.88
2016.09.05,4.31
2016.09.06,4.33
2016.09.07,3.97
2016.09.08,4.12
2016.09.09,4.29
2016.09.12,4.59
2016.09.13,4.47
2016.09.14,4.32
2016.09.15,3.86
2016.09.16,3.66
2016.09.20,3.65
2016.09.21,2.48
2016.09.23,1.95
2016.09.26,1.98
2016.09.27,1.96
2016.09.28,2.4
2016.09.29,2.36
2016.09.30,2.02
2016.10.03,2.14
2016.10.04,1.8
2016.10.05,1.8
2016.10.06,1.75
2016.10.07,1.73
2016.10.11,1.82
2016.10.12,1.7
2016.10.13,1.68
2016.10.14,1.61
2016.10.17,1.62
2016.10.18,1.57
2016.10.19,1.56
2016.10.20,1.56
2016.10.21,1.52
2016.10.24,1.68
2016.10.25,1.67
2016.10.26,1.63
2016.10.27,1.72
2016.10.28,1.8
2016.10.31,1.74
2016.11.01,1.54
2016.11.02,1.55
2016.11.04,1.63
2016.11.07,1.82
2016.11.08,1.67
2016.11.09,1.87
2016.11.10,1.91
2016.11.11,2.09
2016.11.14,2.65
2016.11.15,2.83
2016.11.16,3.24
2016.11.17,2.42
2016.11.18,3.13
2016.11.21,2.95
2016.11.22,2.57
2016.11.24,2.54
2016.11.25,2.5
2016.11.28,2.38
2016.11.29,2.6
2016.11.30,2.34
2016.12.01,2.21
2016.12.02,2.3
2016.12.05,2.3
2016.12.06,2.37
2016.12.07,2.33
2016.12.08,2.19
2016.12.09,2.37
2016.12.12,2.84
2016.12.13,3.13
2016.12.14,2.68
2016.12.15,2.7
2016.12.16,3
2016.12.19,2.64
2016.12.20,2.16
2016.12.21,1.94
2016.12.22,1.9
2016.12.26,2.1
2016.12.27,2.1
2016.12.28,2.31
2016.12.29,2.48
2016.12.30,2.41
2017.01.04,2.59
2017.01.05,2.38
2017.01.06,2.26
2017.01.10,2.33
2017.01.11,2.17
2017.01.12,2.14
2017.01.13,2.11
2017.01.16,2.14
2017.01.17,2.03
2017.01.18,2.07
2017.01.19,2.12
2017.01.20,2.09
2017.01.23,2.06
2017.01.24,2.14
2017.01.25,2.22
2017.01.26,2.32
2017.01.27,2.29
2017.01.30,2.27
2017.01.31,2.43
2017.02.01,2.35
2017.02.02,2.4
2017.02.03,2.1
2017.02.06,2.39
2017.02.07,2.35
2017.02.08,2.16
2017.02.09,2.06
2017.02.10,2.05
2017.02.13,2.19
2017.02.14,2.11
2017.02.15,2.07
2017.02.16,2.09
2017.02.17,2.01
2017.02.20,2.03
2017.02.21,1.95
2017.02.22,1.95
2017.02.23,2
2017.02.24,2
2017.02.27,2.17
2017.02.28,2.06
2017.03.01,2.01
2017.03.02,1.94
2017.03.03,1.77
2017.03.06,1.76
2017.03.07,1.75
2017.03.08,1.79
2017.03.09,1.9
2017.03.10,1.91
2017.03.13,1.94
2017.03.14,1.92
2017.03.15,1.95
2017.03.16,1.88
2017.03.17,1.81
2017.03.21,1.85
2017.03.22,1.75
2017.03.23,1.8
2017.03.24,1.76
2017.03.27,1.86
2017.03.28,1.87
2017.03.29,1.81
2017.03.30,1.7
2017.03.31,1.66
2017.04.03,1.69
2017.04.04,1.65
2017.04.05,1.58
2017.04.06,1.57
2017.04.07,1.58
2017.04.10,1.74
2017.04.11,1.79
2017.04.12,1.87
2017.04.13,1.91
2017.04.14,2.02
2017.04.17,2.07
2017.04.18,1.95
2017.04.19,1.93
2017.04.20,1.92
2017.04.21,1.99
2017.04.24,1.8
2017.04.25,1.85
2017.04.26,1.79
2017.04.27,1.68
2017.04.28,1.57
2017.05.01,1.63
2017.05.02,1.64
2017.05.08,1.8
2017.05.09,1.68
2017.05.10,1.81
2017.05.11,1.84
2017.05.12,1.71
2017.05.15,1.79
2017.05.16,1.73
2017.05.17,1.78
2017.05.18,1.85
2017.05.19,1.89
2017.05.22,1.92
2017.05.23,1.84
2017.05.24,1.85
2017.05.25,1.8
2017.05.26,1.67
2017.05.29,1.71
2017.05.30,1.68
2017.05.31,1.61
2017.06.01,1.55
2017.06.02,1.41
2017.06.05,1.43
2017.06.06,1.47
2017.06.07,1.46
2017.06.08,1.77
2017.06.09,1.59
2017.06.12,1.64
2017.06.13,1.66
2017.06.14,1.8
2017.06.15,1.65
2017.06.16,1.55
2017.06.19,1.5
2017.06.20,1.49
2017.06.21,1.45
2017.06.22,1.39
2017.06.23,1.36
2017.06.26,1.46
2017.06.27,1.46
2017.06.28,1.51
2017.06.29,1.41
2017.06.30,1.64
2017.07.03,1.55
2017.07.04,1.49
2017.07.05,1.49
2017.07.06,1.72
2017.07.07,1.71
2017.07.10,1.65
2017.07.11,1.61
2017.07.12,1.53
2017.07.13,1.53
2017.07.14,1.49
2017.07.18,1.57
2017.07.19,1.61
2017.07.20,1.51
2017.07.21,1.44
2017.07.24,1.38
2017.07.25,1.39
2017.07.26,1.48
2017.07.27,1.44
2017.07.28,1.45
2017.07.31,1.4
2017.08.01,1.41
2017.08.02,1.32
2017.08.03,1.38
2017.08.04,1.37
2017.08.07,1.42
2017.08.08,1.42
2017.08.09,1.43
2017.08.10,1.52
2017.08.14,1.55
2017.08.15,1.64
2017.08.16,1.62
2017.08.17,1.64
2017.08.18,1.55
2017.08.21,1.71
2017.08.22,1.66
2017.08.23,1.59
2017.08.24,1.64
2017.08.25,1.65
2017.08.28,1.73
2017.08.29,1.83
2017.08.30,1.77
2017.08.31,1.8
2017.09.01,1.71
2017.09.04,1.85
2017.09.05,1.89
2017.09.06,1.91
2017.09.07,1.91
2017.09.08,2.06
2017.09.11,1.91
2017.09.12,1.9
2017.09.13,1.9
2017.09.14,1.98
2017.09.15,1.84
2017.09.19,1.98
2017.09.20,1.87
2017.09.21,1.65
2017.09.22,1.72
2017.09.25,1.83
2017.09.26,1.87
2017.09.27,1.91
2017.09.28,1.98
2017.09.29,1.86
2017.10.02,1.97
2017.10.03,2.03
2017.10.04,1.81
2017.10.05,1.8
2017.10.06,1.9
2017.10.10,1.85
2017.10.11,1.84
2017.10.12,1.81
2017.10.13,1.79
2017.10.16,1.83
2017.10.17,1.84
2017.10.18,1.85
2017.10.19,1.88
2017.10.20,1.73
2017.10.23,1.63
2017.10.24,1.47
2017.10.25,1.53
2017.10.26,1.51
2017.10.27,1.53
2017.10.30,1.56
2017.10.31,1.4
2017.11.01,1.36
2017.11.02,1.3
2017.11.06,1.46
2017.11.07,1.53
2017.11.08,1.57
2017.11.09,1.63
2017.11.10,1.6
2017.11.13,1.69
2017.11.14,1.64
2017.11.15,1.68
2017.11.16,1.64
2017.11.17,1.73
2017.11.20,1.75
2017.11.21,1.69
2017.11.22,1.66
2017.11.24,1.73
2017.11.27,1.79
2017.11.28,1.78
2017.11.29,1.75
2017.11.30,1.73
2017.12.01,1.69
2017.12.04,1.66
2017.12.05,1.73
2017.12.06,1.68
2017.12.07,1.7
2017.12.08,1.62
2017.12.11,1.62
2017.12.12,1.51
2017.12.13,1.51
2017.12.14,1.47
2017.12.15,1.38
2017.12.18,1.42
2017.12.19,1.49
2017.12.20,1.63
2017.12.21,1.58
2017.12.22,1.42
2017.12.25,1.47
2017.12.26,1.48
2017.12.27,1.59
2017.12.28,1.57
2017.12.29,1.48
2018.01.04,1.54
2018.01.05,1.56
2018.01.09,1.75
2018.01.10,1.69
2018.01.11,1.58
2018.01.12,1.52
2018.01.15,1.76
2018.01.16,1.8
2018.01.17,1.9
2018.01.18,1.71
2018.01.19,1.72
2018.01.22,1.69
2018.01.23,1.52
2018.01.24,1.52
2018.01.25,1.55
2018.01.26,1.51
2018.01.29,1.64
2018.01.30,1.75
2018.01.31,1.58
2018.02.01,1.61
2018.02.02,1.49
2018.02.05,1.49
2018.02.06,1.55
2018.02.07,1.48
2018.02.08,1.49
2018.02.09,1.59
2018.02.13,1.62
2018.02.14,1.69
2018.02.15,1.66
2018.02.16,1.6
2018.02.19,1.59
2018.02.20,1.55
2018.02.21,1.51
2018.02.22,1.51
2018.02.23,1.51
2018.02.26,1.57
2018.02.27,1.58
2018.02.28,1.57
2018.03.01,1.36
2018.03.02,1.92
2018.03.05,1.56
2018.03.06,1.58
2018.03.07,1.52
2018.03.08,1.52
2018.03.09,1.45
2018.03.12,1.52
2018.03.13,1.47
2018.03.14,1.48
2018.03.15,1.44
2018.03.16,1.56
2018.03.19,1.5
2018.03.20,1.46
2018.03.22,1.47
2018.03.23,1.57
2018.03.26,1.66
2018.03.27,1.63
2018.03.28,1.65
2018.03.29,1.62
2018.03.30,1.51
2018.04.02,1.47
2018.04.03,1.44
2018.04.04,1.38
2018.04.05,1.35
2018.04.06,1.35
2018.04.09,1.38
2018.04.10,1.34
2018.04.11,1.27
2018.04.12,1.3
2018.04.13,1.31
2018.04.16,1.32
2018.04.17,1.31
2018.04.18,1.25
2018.04.19,1.26
2018.04.20,1.48
2018.04.23,1.42
2018.04.24,1.41
2018.04.25,1.43
2018.04.26,1.46
2018.04.27,1.28
2018.05.01,1.29
2018.05.02,1.31
2018.05.07,1.3
2018.05.08,1.33
2018.05.09,1.27
2018.05.10,1.22
2018.05.11,1.27
2018.05.14,1.27
2018.05.15,1.34
2018.05.16,1.3
2018.05.17,1.31
2018.05.18,1.31
2018.05.21,1.33
2018.05.22,1.28
2018.05.23,1.31
2018.05.24,1.3
2018.05.25,1.25
2018.05.28,1.36
2018.05.29,1.37
2018.05.30,1.46
2018.05.31,1.28
2018.06.01,1.33
2018.06.04,1.36
2018.06.05,1.36
2018.06.06,1.33
2018.06.07,1.32
2018.06.08,1.33
2018.06.11,1.35
2018.06.12,1.43
2018.06.13,1.52
2018.06.14,1.43
2018.06.15,1.27
2018.06.18,1.24
2018.06.19,1.21
2018.06.20,1.25
2018.06.21,1.24
2018.06.22,1.2
2018.06.25,1.25
2018.06.26,1.24
2018.06.27,1.22
2018.06.28,1.16
2018.06.29,1.13
2018.07.02,1.11
2018.07.03,1.14
2018.07.04,1.14
2018.07.05,1.14
2018.07.06,1.11
2018.07.09,1.13
2018.07.10,1.17
2018.07.11,1.16
2018.07.12,1.2
2018.07.13,1.2
2018.07.17,1.23
2018.07.18,1.24
2018.07.19,1.25
2018.07.20,1.27
2018.07.23,2.19
2018.07.24,2.09
2018.07.25,1.98
2018.07.26,2.85
2018.07.27,2.47
2018.07.30,2.48
2018.07.31,1.72
2018.08.01,2.18
2018.08.02,1.96
2018.08.03,1.7
2018.08.06,1.7
2018.08.07,1.67
2018.08.08,1.63
2018.08.09,1.62
2018.08.10,1.48
2018.08.13,1.5
2018.08.14,1.56
2018.08.15,1.5
2018.08.16,1.53
2018.08.17,1.47
2018.08.20,1.48
2018.08.21,1.49
2018.08.22,1.54
2018.08.23,1.5
2018.08.24,1.52
2018.08.27,1.62
2018.08.28,1.54
2018.08.29,1.51
2018.08.30,1.64
2018.08.31,1.49
2018.09.03,1.54
2018.09.04,1.52
2018.09.05,1.45
2018.09.06,1.41
2018.09.07,1.35
2018.09.10,1.43
2018.09.11,1.38
2018.09.12,1.33
2018.09.13,1.26
2018.09.14,1.25
2018.09.18,1.31
2018.09.19,1.31
2018.09.20,1.27
2018.09.21,1.44
2018.09.25,1.5
2018.09.26,1.43
2018.09.27,1.38
2018.09.28,1.4
2018.10.01,1.37
2018.10.02,1.28
2018.10.03,1.28
2018.10.04,1.36
2018.10.05,1.25
2018.10.09,1.35
2018.10.10,1.35
2018.10.11,1.34
2018.10.12,1.29
2018.10.15,1.33
2018.10.16,1.35
2018.10.17,1.31
2018.10.18,1.29
2018.10.19,1.29
2018.10.22,1.33
2018.10.23,1.34
2018.10.24,1.29
2018.10.25,1.31
2018.10.26,1.51
2018.10.29,1.51
2018.10.30,1.42
2018.10.31,1.36
2018.11.01,1.3
2018.11.02,1.32
2018.11.05,1.32
2018.11.06,1.34
2018.11.07,1.32
2018.11.08,1.3
2018.11.09,1.29
2018.11.12,1.33
2018.11.13,1.31
2018.11.14,1.34
2018.11.15,1.29
2018.11.16,1.36
2018.11.19,1.43
2018.11.20,1.45
2018.11.21,1.42
2018.11.22,1.45
2018.11.26,1.49
2018.11.27,1.44
2018.11.28,1.45
2018.11.29,1.55
2018.11.30,1.52
2018.12.03,1.43
2018.12.04,1.45
2018.12.05,1.5
2018.12.06,1.69
2018.12.07,1.65
2018.12.10,1.68
2018.12.11,1.66
2018.12.12,1.59
2018.12.13,1.5
2018.12.14,1.63
2018.12.17,1.7
2018.12.18,1.77
2018.12.19,2.18
2018.12.20,2.21
2018.12.21,2.02
2018.12.25,1.96
2018.12.26,1.88
2018.12.27,1.9
2018.12.28,1.67
2019.01.04,2.05
2019.01.07,1.98
2019.01.08,1.75
2019.01.09,1.72
2019.01.10,1.65
2019.01.11,1.64
2019.01.15,1.65
2019.01.16,1.59
2019.01.17,1.54
2019.01.18,1.57
2019.01.21,1.57
2019.01.22,1.56
2019.01.23,1.54
2019.01.24,1.42
2019.01.25,1.37
2019.01.28,1.42
2019.01.29,1.4
2019.01.30,1.41
2019.01.31,1.49
2019.02.01,1.5
2019.02.04,1.5
2019.02.05,1.4
2019.02.06,1.36
2019.02.07,1.36
2019.02.08,1.45
2019.02.12,1.43
2019.02.13,1.43
2019.02.14,1.47
2019.02.15,1.4
2019.02.18,1.42
2019.02.19,1.39
2019.02.20,1.44
2019.02.21,1.46
2019.02.22,1.45
2019.02.25,1.45
2019.02.26,1.42
2019.02.27,1.44
2019.02.28,1.52
2019.03.01,1.43
2019.03.04,1.52
2019.03.05,1.44
2019.03.06,1.33
2019.03.07,1.34
2019.03.08,1.46
2019.03.11,1.42
2019.03.12,1.44
2019.03.13,1.4
2019.03.14,1.41
2019.03.15,1.35
2019.03.18,1.33
2019.03.19,1.33
2019.03.20,1.37
2019.03.22,1.39
2019.03.25,1.49
2019.03.26,1.43
2019.03.27,1.37
2019.03.28,1.44
2019.03.29,1.41
2019.04.01,1.47
2019.04.02,1.41
2019.04.03,1.41
2019.04.04,1.42
2019.04.05,1.53
2019.04.08,1.46
2019.04.09,1.37
2019.04.10,1.39
2019.04.11,1.32
2019.04.12,1.34
2019.04.15,1.46
2019.04.16,1.49
2019.04.17,1.57
2019.04.18,1.45
2019.04.19,1.44
2019.04.22,1.37
2019.04.23,1.39
2019.04.24,1.4
2019.04.25,1.47
2019.04.26,1.55
2019.05.07,1.46
2019.05.08,1.43
2019.05.09,1.43
2019.05.10,1.47
2019.05.13,1.35
2019.05.14,1.27
2019.05.15,1.23
2019.05.16,1.28
2019.05.17,1.24
2019.05.20,1.26
2019.05.21,1.25
2019.05.22,1.24
2019.05.23,1.22
2019.05.24,1.25
2019.05.27,1.28
2019.05.28,1.28
2019.05.29,1.43
2019.05.30,1.34
2019.05.31,1.44
2019.06.03,1.45
2019.06.04,1.41
2019.06.05,1.71
2019.06.06,1.73
2019.06.07,1.73
2019.06.10,1.76
2019.06.11,1.63
2019.06.12,1.63
2019.06.13,1.65
2019.06.14,1.58
2019.06.17,1.61
2019.06.18,1.63
2019.06.19,1.81
2019.06.20,1.71
2019.06.21,1.89
2019.06.24,1.91
2019.06.25,1.73
2019.06.26,1.85
2019.06.27,1.76
2019.06.28,1.84
2019.07.01,1.54
2019.07.02,1.48
2019.07.03,1.5
2019.07.04,1.49
2019.07.05,1.47
2019.07.08,1.43
2019.07.09,1.38
2019.07.10,1.56
2019.07.11,1.54
2019.07.12,1.68
2019.07.16,1.66
2019.07.17,1.71
2019.07.18,1.67
2019.07.19,1.63
2019.07.22,1.66
2019.07.23,1.56
2019.07.24,1.54
2019.07.25,1.58
2019.07.26,1.49
2019.07.29,1.44
2019.07.30,1.33
2019.07.31,1.28
2019.08.01,1.38
2019.08.02,1.53
2019.08.05,1.86
2019.08.06,1.79
2019.08.07,1.94
2019.08.08,2.02
2019.08.09,2.09
2019.08.13,2.12
2019.08.14,2
2019.08.15,2.13
2019.08.16,2.01
2019.08.19,1.97
2019.08.20,1.82
2019.08.21,1.88
2019.08.22,1.88
2019.08.23,1.83
2019.08.26,2.25
2019.08.27,2.21
2019.08.28,2.45
2019.08.29,2.45
2019.08.30,2.39
2019.09.02,2.12
2019.09.03,2.08
2019.09.04,2.12
2019.09.05,2.16
2019.09.06,2.3
2019.09.09,2.18
2019.09.10,2.37
2019.09.11,2.52
2019.09.12,2.37
2019.09.13,2.57
2019.09.17,2.78
2019.09.18,2.66
2019.09.19,2.58
2019.09.20,2.38
2019.09.24,2.45
2019.09.25,2.49
2019.09.26,2.31
2019.09.27,2.36
2019.09.30,2.55
2019.10.01,3.01
2019.10.02,2.69
2019.10.03,2.82
2019.10.04,2.79
2019.10.07,2.68
2019.10.08,2.41
2019.10.09,2.37
2019.10.10,2.47
2019.10.11,2.5
2019.10.15,2.55
2019.10.16,2.54
2019.10.17,2.65
2019.10.18,2.68
2019.10.21,2.77
2019.10.23,2.82
2019.10.24,2.75
2019.10.25,2.63
2019.10.28,2.53
2019.10.29,2.53
2019.10.30,2.6
2019.10.31,2.23
2019.11.01,2.19
2019.11.05,2.44
2019.11.06,2.85
2019.11.07,2.56
2019.11.08,2.88
2019.11.11,2.8
2019.11.12,2.96
2019.11.13,2.89
2019.11.14,2.81
2019.11.15,2.76
2019.11.18,2.83
2019.11.19,2.75
2019.11.20,2.48
2019.11.21,2.53
2019.11.22,2.53
2019.11.25,2.12
2019.11.26,2.13
2019.11.27,2.26
2019.11.28,2.39
2019.11.29,2.48
2019.12.02,2.56
2019.12.03,2.5
2019.12.04,2.59
2019.12.05,2.49
2019.12.06,2.56
2019.12.09,2.64
2019.12.10,2.47
2019.12.11,2.5
2019.12.12,2.36
2019.12.13,2.31
2019.12.16,2.22
2019.12.17,2.14
2019.12.18,2.08
2019.12.19,1.98
2019.12.20,2.15
2019.12.23,2.26
2019.12.24,2.33
2019.12.25,2.46
2019.12.26,2.3
2019.12.27,2.27
2019.12.30,2.3
2020.01.06,2.41
2020.01.07,2.27
2020.01.08,2.56
2020.01.09,2.21
2020.01.10,2.06
2020.01.14,2.12
2020.01.15,1.99
2020.01.16,1.81
2020.01.17,1.71
2020.01.20,1.68
2020.01.21,1.68
2020.01.22,1.61
2020.01.23,1.72
2020.01.24,1.68
2020.01.27,1.93
2020.01.28,1.94
2020.01.29,1.79
2020.01.30,2.05
2020.01.31,2.24
2020.02.03,2.45
2020.02.04,2.31
2020.02.05,2.12
2020.02.06,2.13
2020.02.07,2.08
2020.02.10,2
2020.02.12,2
2020.02.13,1.95
2020.02.14,1.9
2020.02.17,1.99
2020.02.18,2.09
2020.02.19,1.95
2020.02.20,2.04
2020.02.21,2.17
2020.02.25,2.75
2020.02.26,2.57
2020.02.27,2.87
2020.02.28,3.17
2020.03.02,2.95
2020.03.03,2.66
2020.03.04,3.01
2020.03.05,3.07
2020.03.06,3.63
2020.03.09,4.16
2020.03.10,4.34
2020.03.11,3.88
2020.03.12,4.24
2020.03.13,5.59
2020.03.16,5.48
2020.03.17,4.83
2020.03.18,4.98
2020.03.19,5.75
2020.03.23,6.81
2020.03.24,4.98
2020.03.25,4.14
2020.03.26,4.08
2020.03.27,4.47
2020.03.30,4.93
2020.03.31,4.77
2020.04.01,3.81
2020.04.02,3.73
2020.04.03,3.51
2020.04.06,3.81
2020.04.07,3.53
2020.04.08,3.54
2020.04.09,3.25
2020.04.10,3.14
2020.04.13,3.15
2020.04.14,3.21
2020.04.15,3.14
2020.04.16,3.09
2020.04.17,3
2020.04.20,3.28
2020.04.21,2.65
2020.04.22,2.92
2020.04.23,2.97
2020.04.24,3.36
2020.04.27,3.94
2020.04.28,3.45
2020.04.30,3.4
2020.05.01,3.18
2020.05.07,2.87
2020.05.08,2.37
2020.05.11,2.39
2020.05.12,2.27
2020.05.13,2.15
2020.05.14,2.13
2020.05.15,2.13
2020.05.18,2.33
2020.05.19,2.23
2020.05.20,2.25
2020.05.21,2.09
2020.05.22,2.06
2020.05.25,1.95
2020.05.26,1.89
2020.05.27,1.78
2020.05.28,1.81
2020.05.29,1.87
2020.06.01,1.78
2020.06.02,1.69
2020.06.03,1.72
2020.06.04,2.09
2020.06.05,2.08
2020.06.08,2.09
2020.06.09,2.08
2020.06.10,2.12
2020.06.11,1.99
2020.06.12,2.08
2020.06.15,1.95
2020.06.16,1.95
2020.06.17,1.81
2020.06.18,1.72
2020.06.19,1.84
2020.06.22,1.83
2020.06.23,1.76
2020.06.24,1.81
2020.06.25,1.82
2020.06.26,1.73
2020.06.29,1.78
2020.06.30,1.84
2020.07.01,1.85
2020.07.02,1.73
2020.07.03,1.71
2020.07.06,1.78
2020.07.07,1.71
2020.07.08,1.71
2020.07.09,1.65
2020.07.10,1.68
2020.07.13,1.66
2020.07.14,1.68
2020.07.15,1.65
2020.07.16,1.69
2020.07.17,1.73
2020.07.20,1.71
2020.07.21,1.68
2020.07.22,1.58
2020.07.27,1.72
2020.07.28,1.55
2020.07.29,1.57
2020.07.30,1.5
2020.07.31,1.65
2020.08.03,1.69
2020.08.04,1.6
2020.08.05,1.56
2020.08.06,2.38
2020.08.07,1.4
2020.08.11,1.58
2020.08.12,3.52
2020.08.13,1.59
2020.08.14,3.64
2020.08.17,1.77
2020.08.18,1.68
2020.08.19,1.82
2020.08.20,1.74
2020.08.21,1.64
2020.08.24,1.57
2020.08.25,1.57
2020.08.26,1.69
2020.08.27,1.52
2020.08.28,2.13
2020.08.31,1.84
2020.09.01,1.66
2020.09.02,1.7
2020.09.03,1.73
2020.09.04,1.74
2020.09.07,1.82
2020.09.08,1.79
2020.09.09,1.77
2020.09.10,1.76
2020.09.11,1.7
2020.09.14,1.66
2020.09.15,1.66
2020.09.16,1.64
2020.09.17,1.52
2020.09.18,1.43
2020.09.23,1.47
2020.09.24,1.49
2020.09.25,1.4
2020.09.28,1.46
2020.09.29,1.41
2020.09.30,1.48
2020.10.01,1.46
2020.10.02,1.51
2020.10.05,1.43
2020.10.06,1.46
2020.10.07,1.5
2020.10.08,1.53
2020.10.09,1.55
2020.10.12,1.56
2020.10.13,1.58
2020.10.14,1.58
2020.10.15,1.49
2020.10.16,1.67
2020.10.19,1.71
2020.10.20,1.61
2020.10.21,1.69
2020.10.22,1.67
2020.10.23,1.6
2020.10.26,1.66
2020.10.27,1.67
2020.10.28,1.69
2020.10.29,1.73
2020.10.30,1.75
2020.11.02,1.78
2020.11.04,1.69
2020.11.05,1.55
2020.11.06,1.47
2020.11.09,1.48
2020.11.10,1.46
2020.11.11,1.5
2020.11.12,1.44
2020.11.13,1.34
2020.11.16,1.36
2020.11.17,1.52
2020.11.18,1.55
2020.11.19,1.49
2020.11.20,1.49
2020.11.24,1.47
2020.11.25,1.39
2020.11.26,1.43
2020.11.27,1.39
2020.11.30,1.32
2020.12.01,1.33
2020.12.02,1.35
2020.12.03,1.32
2020.12.04,1.27
2020.12.07,1.32
2020.12.08,1.26
2020.12.09,1.28
2020.12.10,1.24
2020.12.11,1.24
2020.12.14,1.31
2020.12.15,1.29
2020.12.16,1.26
2020.12.17,1.23
2020.12.18,1.28
2020.12.21,1.29
2020.12.22,1.29
2020.12.23,1.26
2020.12.24,1.23
2020.12.25,1.24
2020.12.28,1.35
2020.12.29,1.26
2020.12.30,1.21
2021.01.04,1.36
2021.01.05,1.27
2021.01.06,1.36
2021.01.07,1.37
2021.01.08,1.32
2021.01.12,1.31
2021.01.13,1.25
2021.01.14,1.27
2021.01.15,1.22
2021.01.18,1.22
2021.01.19,1.32
2021.01.20,1.35
2021.01.21,1.4
2021.01.22,1.37
2021.01.25,1.35
2021.01.26,1.27
2021.01.27,1.31
2021.01.28,1.34
2021.01.29,1.52
2021.02.01,1.53
2021.02.02,1.35
2021.02.03,1.28
